{
	"Anguilla": {
		"EXTENT": [-65.709229,16.909684,-60.435791,19.492486]
	},
	"Antigua And Barbuda": {
		"EXTENT": [-64.421082,15.987734,-59.147644,18.583776]
	},
	"Bahamas": {
		"EXTENT": [-86.264648,17.978733,-65.170898,27.974998]
	},
	"British Virgin Islands": {
		"EXTENT": [-67.233582,17.125042,-61.960144,19.704658]
	},
	"Dominica": {
		"EXTENT": [-63.992615,14.107276,-58.719177,16.728276]
	},
	"Organisation of Eastern Caribbean States (OECS)": {
		"EXTENT": [-72.279053,9.752370,-51.185303,20.241583]
	},
	"Federated States Of Micronesia": {
		"EXTENT": [-220.583496,-4.696879,-178.395996,16.804541]
	},
	"Florida": {
		"EXTENT": [-85.814209,23.059516,-75.267334,27.965295]
	},
	"Global": {
		"EXTENT": [-135.175781,-36.244273,56.162109,58.355630]
	},
	"Grenada": {
		"EXTENT": [-64.327698,10.787443,-59.054260,13.445723]
	},
	"Guam": {
		"EXTENT": [-217.878113,12.095724,-212.604675,14.740355]
	},
	"Mariana Islands": {
		"EXTENT": [-219.473877,14.083301,-208.927002,19.290406]
	},
	"Marshall Islands": {
		"EXTENT": [-201.928711,2.943041,-180.834961,13.688688]
	},
	"Martinique": {
		"EXTENT": [-63.654785,13.344193,-58.381348,15.974532]
	},
	"Micronesia": {
		"EXTENT": [-245.478516,-13.325485,-161.103516,28.767659]
	},
	"Montserrat": {
		"EXTENT": [-64.824829,15.443091,-59.551392,18.046644]
	},
	"Palau": {
		"EXTENT": [-228.114624,5.908385,-222.841187,8.605463]
	},
	"St Kitts And Nevis": {
		"EXTENT": [-65.302734,15.963970,-60.029297,18.560344]
	},
	"St Lucia": {
		"EXTENT": [-63.610840,12.581371,-58.337402,15.220589]
	},
	"St Vincent And The Grenadines": {
		"EXTENT": [-63.992615,11.329253,-58.719177,13.982046]
	}
}